timestamp,currocclw,currocc,currocchscl,curroccafa,curroccedu,curroccsmath,currocclacc,curroccgrr,curroccmap,curroccpanama
2025-10-02 15:55:39,740,1251,191,52,194,134,51,28,7,21
2025-10-02 16:17:43,722,1282,180,56,173,129,53,31,4,22
2025-10-02 17:13:00,546,1171,173,45,137,96,44,17,4,15
2025-10-02 18:13:09,450,994,107,35,83,85,32,17,3,17
2025-10-02 19:12:46,371,819,89,37,104,47,9,17,1,10
2025-10-02 20:48:07,388,624,62,27,80,47,9,17,1,10
2025-10-02 22:16:27,296,548,28,15,4,47,9,17,1,10
2025-10-02 23:23:41,173,426,21,0,4,0,9,17,1,10
2025-10-03 00:13:53,89,272,12,0,7,0,9,17,1,10
2025-10-03 01:12:00,0,9,7,0,4,0,9,17,1,10
2025-10-03 09:22:36,186,234,118,28,53,44,17,8,2,5
2025-10-03 10:13:55,345,532,224,43,98,108,34,14,1,13
2025-10-03 11:14:52,520,923,302,45,126,136,38,17,4,19
2025-10-03 12:16:39,567,929,351,55,122,112,34,21,5,20
2025-10-03 13:12:26,584,1049,172,47,159,133,37,23,3,23
2025-10-03 14:19:38,643,1133,131,59,192,146,39,22,5,25
2025-10-03 15:11:56,533,1088,101,55,150,140,37,24,5,20
2025-10-03 16:15:29,461,958,89,52,110,128,28,25,3,17
2025-10-03 17:12:32,430,851,35,12,5,91,1,25,0,9
2025-10-03 18:13:37,336,722,23,12,5,86,1,27,0,9
2025-10-03 19:13:16,242,556,14,11,5,71,1,20,1,9
2025-10-03 20:48:01,112,255,15,11,5,70,1,20,1,9
2025-10-03 22:11:25,0,0,14,11,5,70,1,20,1,9
2025-10-03 23:18:43,0,0,13,0,5,0,1,20,1,9
2025-10-04 00:13:24,0,0,9,0,5,0,1,20,1,9
2025-10-04 01:11:20,0,0,9,0,5,0,1,20,1,9
2025-10-04 09:18:10,9,11,22,0,0,0,0,0,0,0
2025-10-04 10:12:37,26,37,36,0,0,0,0,0,0,0
2025-10-04 11:12:39,76,98,33,0,0,0,0,0,0,0
2025-10-04 12:15:21,96,148,35,0,0,0,0,0,0,0
2025-10-04 13:11:19,131,180,40,0,0,0,0,0,0,0
2025-10-04 14:18:12,137,230,46,0,0,0,0,0,0,0
2025-10-04 15:10:48,132,244,45,0,0,0,0,0,0,0
2025-10-04 16:14:59,133,235,38,0,0,0,0,0,0,0
2025-10-04 17:11:53,105,199,25,0,0,0,0,0,0,0
2025-10-04 18:12:24,0,13,16,0,0,0,0,0,0,0
2025-10-04 19:12:30,0,13,7,0,0,0,0,0,0,0
2025-10-04 20:54:51,0,13,5,0,0,0,0,0,0,0
2025-10-04 22:26:39,0,13,3,0,0,0,0,0,0,0
2025-10-04 23:32:19,0,13,2,0,0,0,0,0,0,0
2025-10-05 00:13:57,0,13,5,0,0,0,0,0,0,0
2025-10-05 01:11:11,0,13,2,0,0,0,0,0,0,0
2025-10-05 09:18:55,0,9,4,0,0,0,0,0,0,0
2025-10-05 10:12:14,47,65,7,0,0,0,0,0,0,0
2025-10-05 11:12:42,203,217,14,0,0,0,0,0,0,0
2025-10-05 12:15:31,360,409,23,0,0,0,0,0,0,0
2025-10-05 13:11:53,490,566,51,0,0,0,0,0,0,0
2025-10-05 14:17:22,577,750,63,17,48,0,0,0,0,0
2025-10-05 15:11:04,591,792,76,20,103,0,0,0,0,0
2025-10-05 16:13:58,585,877,83,24,146,0,0,0,0,0
2025-10-05 17:12:14,560,857,67,30,143,0,0,0,0,0
2025-10-05 18:12:39,428,734,47,23,111,0,0,0,0,0
2025-10-05 19:11:49,345,665,37,23,74,0,0,0,0,0
2025-10-05 20:51:10,345,634,33,23,57,0,0,0,0,0
2025-10-05 22:21:43,286,560,22,13,2,0,0,0,0,0
2025-10-05 23:30:47,193,409,0,0,2,0,0,0,0,0
2025-10-06 00:14:16,105,269,0,0,2,0,0,0,0,0
2025-10-06 01:12:25,0,28,2,0,2,0,0,0,0,0
2025-10-06 09:25:18,219,298,134,21,97,56,13,6,1,12
2025-10-06 10:14:52,413,699,234,49,153,82,23,12,2,16
2025-10-06 11:15:04,678,1077,,46,191,121,38,21,4,22
2025-10-06 12:17:54,781,1203,441,68,205,122,38,16,2,21
2025-10-06 13:13:50,900,1325,224,78,308,197,46,25,7,22
2025-10-06 14:21:00,914,1553,289,84,357,196,65,40,2,27
2025-10-06 15:12:03,,1541,288,,,,,38,4,
2025-10-06 16:15:55,733,1360,209,73,296,190,56,38,6,29
2025-10-06 17:12:50,639,1246,161,61,162,216,44,18,1,24
2025-10-06 18:13:53,556,1038,122,58,123,198,31,18,1,19
2025-10-06 19:14:09,582,875,89,53,135,105,11,18,0,12
2025-10-06 20:49:10,536,954,51,47,149,105,11,18,0,13
2025-10-06 22:17:00,437,839,15,30,4,105,11,18,0,13
2025-10-06 23:25:44,299,552,5,0,4,0,11,18,0,13
2025-10-07 00:14:36,159,313,0,0,4,0,11,18,0,13
2025-10-07 01:12:08,0,0,0,0,4,0,11,18,0,13
2025-10-07 09:26:11,158,294,174,21,60,81,11,5,3,6
2025-10-07 10:15:44,292,568,219,46,121,85,27,8,4,13
2025-10-07 11:15:42,462,879,237,46,158,98,38,23,3,18
2025-10-07 12:17:36,639,1144,380,52,172,125,56,30,6,17
2025-10-07 13:13:31,766,1282,377,59,263,173,67,31,6,18
2025-10-07 14:21:09,802,1305,288,53,289,182,58,29,12,18
2025-10-07 15:12:09,859,1323,204,60,288,175,61,28,7,14
2025-10-07 16:15:25,788,1358,221,68,244,172,66,29,1,21
2025-10-07 17:12:14,651,1156,174,53,141,155,60,16,2,21
2025-10-07 18:13:53,511,902,131,36,99,137,55,15,0,15
2025-10-07 19:13:01,453,836,102,41,118,93,14,15,0,10
2025-10-07 20:48:33,463,861,68,43,113,91,14,15,0,10
2025-10-07 22:17:16,356,749,48,21,0,91,14,15,0,10
2025-10-07 23:25:14,214,492,31,0,0,0,14,15,0,10
2025-10-08 00:14:32,102,246,7,0,0,0,14,15,0,9
2025-10-08 01:12:00,0,0,7,0,0,0,14,15,0,9
2025-10-08 09:25:55,208,304,164,14,71,51,18,10,0,6
2025-10-08 10:15:21,391,707,221,48,129,89,32,31,2,15
2025-10-08 11:15:47,628,1026,300,52,183,126,44,35,1,19
2025-10-08 12:17:58,688,1117,455,65,146,148,49,39,1,19
2025-10-08 13:13:28,781,1260,316,71,243,162,55,49,2,21
2025-10-08 14:20:58,853,1438,204,73,252,191,66,50,2,20
2025-10-08 15:11:49,778,1417,240,62,224,180,69,36,4,24
2025-10-08 16:15:56,675,1255,251,45,181,164,51,33,5,16
2025-10-08 17:13:20,604,1111,155,52,114,119,41,21,1,14
2025-10-08 18:14:02,433,871,110,36,71,104,32,22,0,8
2025-10-08 19:13:36,355,730,95,35,77,78,11,22,3,2
2025-10-08 20:50:04,389,680,77,21,76,77,11,22,3,2
2025-10-08 22:18:56,312,585,54,15,0,77,11,22,3,2
2025-10-08 23:28:41,177,373,30,0,2,0,11,22,3,2
2025-10-09 00:14:34,48,188,19,0,0,0,11,22,3,2
2025-10-09 01:12:12,0,0,14,0,0,0,11,22,3,2
2025-10-09 09:27:20,147,236,125,18,31,53,14,10,3,12
2025-10-09 10:15:09,250,420,202,33,60,65,21,11,4,12
2025-10-09 11:29:00,418,754,232,47,101,124,39,37,6,18
2025-10-09 12:18:59,515,957,376,49,125,124,46,34,7,18
2025-10-09 13:13:52,604,949,298,59,153,122,37,30,5,22
2025-10-09 14:20:29,711,1091,208,65,179,210,48,47,27,23
2025-10-09 15:12:47,719,1109,194,52,177,167,56,20,6,20
2025-10-09 16:16:46,663,1072,172,48,163,122,37,25,10,16
2025-10-09 17:13:29,543,961,131,36,105,104,34,16,9,16
2025-10-09 18:13:32,363,752,93,33,81,93,27,15,10,10
2025-10-09 19:13:31,341,632,80,30,59,66,9,15,4,7
2025-10-09 20:49:29,320,646,56,30,51,63,9,15,4,7
2025-10-09 22:19:25,243,553,33,16,0,62,9,15,4,7
2025-10-09 23:28:58,108,351,4,0,3,0,9,15,4,7
2025-10-10 00:14:20,24,191,0,0,0,0,9,15,4,7
2025-10-10 01:12:03,0,0,0,0,0,0,9,15,4,7
2025-10-10 09:24:20,153,213,59,30,29,39,11,9,2,7
2025-10-10 10:14:15,,514,104,,,,,,2,
2025-10-10 11:14:38,485,800,133,31,97,95,38,18,1,15
2025-10-10 12:17:54,,861,,,,,,,,
2025-10-10 13:13:41,617,932,120,45,130,91,30,12,0,15
2025-10-10 14:20:18,638,1080,103,39,176,126,42,28,3,20
2025-10-10 15:11:53,607,1056,88,30,144,111,44,33,5,20
2025-10-10 16:15:18,502,927,66,19,98,100,37,35,6,15
2025-10-10 17:12:27,408,893,39,0,0,36,0,22,4,8
2025-10-10 18:13:34,300,721,27,0,0,33,0,21,4,8
2025-10-10 19:13:12,219,569,1,0,3,32,0,21,4,8
2025-10-10 20:47:18,168,356,4,0,0,32,0,21,4,8
2025-10-10 22:13:59,4,26,4,0,0,32,0,21,4,8
2025-10-10 23:21:33,3,26,3,0,0,0,0,21,4,8
2025-10-11 00:14:09,3,26,1,0,0,0,0,21,4,8
2025-10-11 01:11:34,3,26,0,0,0,0,0,21,4,8
2025-10-11 09:18:40,1,11,15,0,0,0,0,0,0,0
2025-10-11 10:11:56,53,64,26,0,0,0,0,0,0,0
2025-10-11 11:12:14,163,215,35,0,0,0,0,0,0,0
2025-10-11 12:15:09,272,367,39,0,0,0,0,0,0,0
2025-10-11 13:11:20,374,520,43,0,0,0,0,0,0,0
2025-10-11 14:17:11,480,718,48,0,0,0,0,0,0,0
2025-10-11 15:10:42,530,799,50,0,0,0,0,0,0,0
2025-10-11 16:14:07,544,835,48,0,0,0,0,0,0,0
2025-10-11 17:12:08,453,630,23,0,0,0,0,0,0,0
2025-10-11 18:12:55,11,5,20,0,0,0,0,0,0,0
2025-10-11 19:12:41,10,5,17,0,0,0,0,0,0,0
2025-10-11 20:52:34,10,5,13,0,0,0,0,0,0,0
2025-10-11 22:22:05,10,5,8,0,0,0,0,0,0,0
2025-10-11 23:31:17,10,5,2,0,0,0,0,0,0,0
2025-10-12 00:13:53,10,5,0,0,0,0,0,0,0,0
2025-10-12 01:11:48,10,5,2,0,0,0,0,0,0,0
2025-10-12 09:18:47,0,9,4,0,0,0,0,0,0,0
2025-10-12 10:13:20,53,82,13,0,0,0,0,0,0,0
2025-10-12 11:13:53,216,253,21,0,0,0,0,0,0,0
2025-10-12 12:15:29,359,439,30,0,0,0,0,0,0,0
2025-10-12 13:11:58,516,620,51,0,0,1,0,0,0,0
2025-10-12 14:18:14,658,860,62,10,70,1,0,0,0,0
2025-10-12 22:44:13,290,613,1,11,0,1,0,0,0,0
2025-10-12 23:46:06,148,366,0,0,0,0,0,0,0,0
2025-10-13 00:32:00,59,207,0,1,0,0,0,0,0,0
2025-10-13 01:26:40,0,8,0,1,0,0,0,0,0,0
2025-10-13 09:26:13,214,369,138,24,103,51,16,4,2,2
2025-10-13 10:14:41,380,746,154,58,149,77,30,6,1,11
2025-10-13 11:13:46,639,1012,243,46,179,142,50,15,2,17
2025-10-13 12:15:53,726,1074,374,60,181,141,42,18,1,17
2025-10-13 13:12:11,796,1262,230,74,282,197,60,35,6,19
2025-10-13 14:18:12,898,1532,243,72,334,209,66,43,5,21
2025-10-13 15:10:10,888,1560,233,81,335,180,56,26,4,21
2025-10-13 16:15:18,843,1428,212,67,273,192,61,26,7,29
2025-10-13 17:11:38,721,1289,194,63,155,176,47,19,6,35
2025-10-13 18:12:54,570,1257,133,48,136,151,37,19,2,22
2025-10-13 19:12:41,573,1062,95,45,149,111,7,19,0,19
2025-10-13 21:52:46,524,925,35,19,85,109,6,19,0,20
2025-10-13 23:06:01,357,666,22,0,12,0,6,19,0,20
2025-10-14 00:30:05,,,,,,,,,,
2025-10-14 01:24:44,0,0,2,0,9,0,6,19,0,20
2025-10-14 09:26:50,197,318,151,22,47,53,22,5,1,5
2025-10-14 10:14:31,355,536,244,33,101,81,35,13,3,9
2025-10-14 11:15:02,530,828,302,44,126,102,40,24,4,
2025-10-14 12:16:45,647,1003,399,57,165,147,48,50,7,14
2025-10-14 13:12:49,785,1134,348,56,246,208,51,57,7,23
2025-10-14 14:19:25,842,1302,278,55,321,201,56,46,6,23
2025-10-14 15:10:56,805,1444,224,56,316,214,51,43,8,22
2025-10-14 16:14:59,833,1471,185,51,270,200,47,36,9,23
2025-10-14 17:11:25,778,1245,159,44,155,156,40,25,5,14
2025-10-14 18:13:39,623,1107,115,40,118,138,32,24,0,12
2025-10-14 19:12:07,581,1031,84,33,122,105,3,24,0,9
2025-11-09 20:57:54,357,454,27,13,25,0,0,0,0,1
2025-11-09 22:25:15,263,382,5,7,2,0,0,0,0,1
2025-11-09 23:31:52,158,248,3,0,2,0,0,0,0,1
2025-11-10 00:26:02,62,125,1,0,2,0,0,0,0,1
2025-11-10 01:38:44,1,1,2,0,2,0,0,0,0,1
2025-11-10 08:27:35,61,81,56,5,13,15,5,0,0,0
2025-11-10 09:12:59,137,202,131,10,37,33,8,3,1,7
2025-11-10 10:14:26,341,612,166,36,92,65,31,7,3,18
2025-11-10 11:15:50,576,940,265,37,145,109,56,15,6,20
2025-11-10 12:12:19,635,1009,437,31,144,109,54,16,4,17
2025-11-10 13:17:50,728,1143,255,63,261,117,57,15,6,20
2025-11-10 14:10:45,806,1272,169,58,250,138,63,23,4,24
2025-11-10 15:14:53,825,1306,154,68,247,166,65,31,5,26
2025-11-10 16:11:49,730,1121,130,44,213,151,57,27,4,22
2025-11-10 17:13:03,604,1045,37,16,0,77,9,14,1,16
2025-11-10 18:12:25,0,4,21,15,0,75,9,14,1,16
2025-11-10 20:55:00,0,3,1,15,0,75,9,14,1,16
2025-11-10 22:18:16,0,3,1,15,0,75,9,14,1,16
2025-11-10 23:29:51,0,3,0,0,5,0,9,14,1,16
2025-11-11 00:25:53,,,,,,,,,,
2025-11-11 01:37:37,0,3,0,0,1,0,9,14,1,16
2025-11-11 08:26:34,0,10,0,0,0,0,0,0,0,0
2025-11-11 09:12:51,0,10,2,2,0,0,0,0,0,0
2025-11-11 10:14:16,0,10,17,1,3,0,0,0,0,0
2025-11-11 11:15:43,0,10,27,1,2,0,0,0,0,0
2025-11-11 12:12:14,0,10,34,1,2,0,0,0,0,0
2025-11-11 13:17:26,0,10,35,1,2,0,0,0,0,0
2025-11-11 14:10:34,0,10,49,1,2,0,0,0,0,0
2025-11-11 15:13:50,0,10,40,1,2,0,0,0,0,0
2025-11-11 16:11:58,0,10,40,1,2,0,0,0,0,0
2025-11-11 17:12:46,0,10,36,1,2,0,0,0,0,0
2025-11-11 18:11:41,0,10,32,1,2,0,0,0,0,0
2025-11-11 20:54:11,0,10,21,1,2,0,0,0,0,0
2025-11-11 22:16:59,0,10,10,1,2,0,0,0,0,0
2025-11-11 23:30:08,0,10,5,0,2,0,0,0,0,0
2025-11-12 00:25:51,0,10,1,0,2,0,0,0,0,0
2025-11-12 01:37:33,0,10,0,0,2,0,0,0,0,0
2025-11-12 08:28:53,73,94,65,3,19,24,6,1,1,1
2025-11-12 09:14:00,156,233,150,8,55,41,10,5,2,4
2025-11-12 10:14:27,369,628,245,39,115,91,20,27,2,13
2025-11-12 11:16:26,563,978,288,36,158,112,38,20,4,19
2025-11-12 12:13:09,649,1092,364,41,150,123,38,20,4,16
2025-11-12 13:18:13,736,1304,271,51,283,133,44,18,4,19
2025-11-12 14:11:09,807,1469,179,62,315,169,62,24,8,24
2025-11-12 15:14:32,882,1489,174,59,273,163,49,26,4,26
2025-11-12 16:12:10,849,1398,136,56,237,166,45,29,6,25
2025-11-12 17:12:28,689,1299,74,48,139,133,37,18,2,21
2025-11-12 18:12:23,497,1007,60,47,88,110,22,17,1,15
2025-11-12 20:55:14,,,,,,,,,,
2025-11-12 22:19:18,401,792,0,17,7,87,3,17,0,10
2025-11-12 23:30:27,259,535,0,0,11,0,3,17,0,10
2025-11-13 00:25:13,93,300,1,0,11,0,3,17,0,10
2025-11-13 01:37:33,0,1,1,0,7,0,3,17,0,10
2025-11-13 08:28:26,53,76,26,9,14,31,5,5,2,3
2025-11-13 09:13:13,120,185,75,9,37,46,9,6,2,4
2025-11-13 10:14:45,297,418,138,30,101,64,15,2,3,7
2025-11-13 11:15:29,490,674,146,43,147,94,31,12,3,11
2025-11-13 12:13:16,561,907,259,54,129,100,36,16,3,11
2025-11-13 13:17:41,649,1135,226,67,216,139,44,19,5,13
2025-11-13 14:10:28,682,1221,190,59,244,136,49,22,3,18
2025-11-13 15:14:31,735,1298,157,60,219,149,54,21,6,20
2025-11-13 16:12:30,671,1331,121,57,199,149,53,20,7,19
2025-11-13 17:12:56,549,1100,99,43,129,124,31,9,2,14
2025-11-13 20:54:53,333,540,38,26,56,63,8,8,0,8
2025-11-13 22:17:36,285,482,8,16,0,63,8,8,0,8
2025-11-13 23:29:05,176,291,0,0,4,0,8,8,0,8
2025-11-14 00:25:19,69,128,1,0,4,0,8,8,0,8
2025-11-14 01:37:11,0,1,0,0,0,0,8,8,0,8
2025-11-14 08:25:41,47,63,58,3,9,20,5,0,0,2
2025-11-14 09:12:52,119,177,94,11,22,40,8,5,0,4
2025-11-14 10:12:49,262,433,167,34,58,70,23,11,0,8
2025-11-14 11:15:52,370,790,191,24,94,101,33,17,0,14
2025-11-14 12:11:38,432,745,181,35,108,97,35,13,0,15
2025-11-14 13:17:23,,,116,,,,,,3,
2025-11-14 14:11:23,,,,,,,,,,
2025-11-14 15:14:36,567,1121,117,54,190,127,31,19,4,13
2025-11-14 16:12:04,542,1009,98,47,130,129,36,24,2,9
2025-11-14 17:11:44,465,868,65,10,4,61,0,11,0,1
2025-11-14 18:11:49,350,663,35,9,4,55,0,11,0,1
2025-11-14 20:49:38,129,279,0,9,8,55,0,11,0,1
2025-11-14 22:11:34,0,0,1,9,5,55,0,11,0,1
2025-11-14 23:28:26,0,0,3,0,5,0,0,11,0,1
2025-11-15 00:23:32,0,0,2,0,5,0,0,11,0,1
2025-11-15 01:34:00,,0,0,,,0,0,11,0,
2025-11-15 08:19:19,0,10,27,1,0,0,0,0,0,0
2025-11-15 09:10:15,1,9,26,1,0,0,0,0,0,0
2025-11-15 10:11:39,42,72,33,1,0,0,0,0,0,0
2025-11-15 11:12:51,162,227,30,1,0,0,0,0,0,0
2025-11-15 12:09:45,258,312,21,1,0,0,0,0,0,0
2025-11-15 13:15:51,363,429,29,1,0,0,0,0,0,0
2025-11-15 14:09:14,462,522,27,1,0,0,0,0,0,0
2025-11-15 15:12:19,536,590,37,1,0,0,0,0,0,0
2025-11-15 16:10:23,483,629,40,1,0,0,0,0,0,0
2025-11-15 17:10:09,,,,,,,,,,
2025-11-15 18:11:56,0,6,14,1,0,0,0,0,0,0
2025-11-15 20:59:36,0,6,14,1,0,0,0,0,0,0
2025-11-15 22:24:52,0,6,10,1,0,0,0,0,0,0
2025-11-15 23:30:32,,,,,,,,,,
2025-11-16 00:24:03,0,6,1,0,0,0,0,0,0,0
2025-11-16 01:34:51,0,6,2,0,0,0,0,0,0,0
2025-11-16 08:18:52,1,10,0,0,0,0,0,0,0,0
2025-11-16 09:10:47,1,10,4,0,0,0,0,0,0,0
2025-11-16 10:11:12,72,62,6,0,0,0,0,0,0,0
2025-11-16 11:13:12,237,221,10,0,0,0,0,0,0,0
2025-11-16 12:10:40,347,358,19,0,0,0,0,0,0,0
2025-11-16 13:15:43,486,527,32,0,0,0,0,0,0,0
2025-11-16 14:09:42,566,662,59,8,36,0,0,0,0,0
2025-11-16 15:13:17,626,739,63,15,130,0,0,0,0,0
2025-11-16 16:10:33,633,763,64,21,159,0,0,0,0,1
2025-11-16 17:11:23,571,765,51,20,133,0,0,0,0,0
2025-11-16 18:11:33,,,,,,,,,,
2025-11-16 20:55:05,417,552,34,16,62,1,0,0,0,0
2025-11-16 22:20:54,303,451,15,3,3,1,0,0,0,0
2025-11-16 23:31:25,172,282,0,0,3,0,0,0,0,0
2025-11-17 00:26:44,59,151,0,0,3,0,0,0,0,0
2025-11-17 01:38:35,0,1,1,0,3,0,0,0,0,0
2025-11-17 08:27:36,65,79,39,5,18,24,6,1,2,0
2025-11-17 09:12:22,157,210,95,9,41,49,16,2,3,3
2025-11-17 10:14:44,356,661,193,35,112,126,36,13,4,11
2025-11-17 11:17:48,583,950,303,33,170,132,52,26,6,13
2025-11-17 12:12:53,658,1038,363,40,179,136,42,31,5,11
2025-11-17 13:16:58,733,1172,234,50,291,186,50,26,3,16
2025-11-17 14:09:39,834,1386,145,46,317,228,61,34,12,17
2025-11-17 15:14:15,843,1369,206,52,292,207,73,40,1,20
2025-11-17 16:11:56,765,1225,150,38,235,189,64,40,9,16
2025-11-17 17:12:10,652,1139,122,26,128,164,54,27,5,12
2025-11-17 18:11:56,485,832,77,18,82,134,32,27,1,2
2025-11-17 20:53:56,551,800,23,19,81,97,5,27,0,2
2025-11-17 22:16:59,438,639,1,5,0,97,5,27,0,2
2025-11-17 23:30:03,266,,,0,2,0,5,,,2
2025-11-18 00:24:59,118,165,4,0,0,0,5,27,0,2
2025-11-18 01:38:04,0,1,0,0,0,0,5,27,0,2
2025-11-18 08:28:15,54,89,79,11,19,29,10,1,2,0
2025-11-18 09:12:51,,,,,,,,,,
2025-11-18 11:38:34,474,833,389,46,120,110,42,21,4,12
2025-11-18 13:18:50,704,1165,271,60,226,132,51,28,3,14
2025-11-18 14:10:50,720,1136,228,59,243,159,54,29,10,14
2025-11-18 15:14:55,793,1196,157,44,222,146,51,30,3,13
2025-11-18 17:12:29,625,1074,104,26,94,118,36,31,3,6
2025-11-18 18:11:50,503,941,65,24,86,123,29,57,1,3
2025-11-18 20:53:19,463,661,48,38,74,80,14,29,0,1
2025-11-18 22:16:25,359,621,32,15,0,80,14,29,0,1
2025-11-18 23:30:11,239,383,0,0,3,0,14,29,0,1
2025-11-19 00:25:59,,157,0,,,0,,29,0,1
2025-11-19 01:37:06,0,1,0,0,0,0,14,29,0,1
2025-11-19 08:27:48,79,92,58,5,18,23,4,1,2,2
2025-11-19 09:12:42,148,211,90,15,44,39,11,6,3,4
2025-11-19 10:13:50,341,632,166,41,79,81,20,24,4,7
2025-11-19 11:17:46,505,903,216,34,104,105,36,18,6,14
2025-11-19 12:12:18,599,1017,351,37,109,119,37,21,6,15
2025-11-19 13:18:26,700,1131,211,62,172,133,39,20,6,23
2025-11-19 14:10:42,758,1230,205,44,192,157,47,26,7,19
2025-11-19 15:13:51,797,1262,210,64,200,171,54,33,6,23
2025-11-19 16:10:24,689,1151,189,55,169,170,46,31,2,23
2025-11-19 17:12:47,,1042,111,,,,,17,2,
2025-11-19 18:12:24,509,839,58,39,93,116,23,15,1,14
2025-11-19 20:51:59,396,686,30,27,64,89,5,15,0,8
2025-11-19 22:14:16,349,614,7,12,0,89,5,15,0,8
2025-11-19 23:29:11,235,455,0,0,3,0,5,15,0,8
2025-11-20 00:25:33,115,257,3,0,0,0,5,15,0,8
2025-11-20 01:36:36,0,26,2,0,0,0,5,15,0,8
2025-11-20 08:26:27,55,71,44,4,17,26,7,1,1,2
2025-11-20 09:13:53,,,,,,,,,,
2025-11-20 10:14:34,,,,,,,,,,
2025-11-20 11:15:59,,674,237,,,,,,3,
2025-11-20 12:11:16,493,784,304,34,86,94,31,22,2,17
2025-11-20 13:18:18,581,855,210,49,130,123,49,29,2,22
2025-11-20 14:10:43,593,946,162,47,129,137,44,32,7,23
2025-11-20 15:14:36,599,1007,136,45,134,147,50,36,8,19
2025-11-20 16:11:54,534,926,121,39,116,131,48,35,4,16
2025-11-20 17:12:59,447,729,84,32,53,84,27,26,6,13
2025-11-20 18:11:48,334,576,70,24,39,76,25,23,5,15
2025-11-20 20:52:59,343,517,42,9,44,59,12,23,1,13
2025-11-20 22:16:28,255,440,34,0,0,59,12,23,1,13
2025-11-20 23:30:23,163,315,22,0,0,0,12,23,1,13
2025-11-21 00:25:29,97,192,11,0,0,0,12,23,1,13
2025-11-21 01:37:52,0,1,3,0,0,0,12,23,1,13
2025-11-21 08:24:20,46,82,26,3,15,19,4,1,2,4
2025-11-21 09:12:31,102,170,50,12,36,41,13,6,3,5
2025-11-21 10:12:32,264,426,105,28,75,56,17,11,2,6
2025-11-21 11:15:22,339,586,126,24,105,85,21,25,2,13
2025-11-21 12:11:43,353,524,176,34,99,82,25,18,0,12
2025-11-21 13:18:32,384,569,129,35,102,87,26,25,0,16
2025-11-21 14:11:00,397,647,128,25,113,97,26,29,2,19
2025-11-21 15:13:45,368,672,91,26,95,115,23,44,2,15
2025-11-21 16:11:31,348,498,63,23,66,84,21,38,3,16
2025-11-21 17:12:07,292,464,14,5,1,33,8,31,0,11
2025-11-21 18:11:41,,17,2,5,,30,8,30,0,11
2025-11-21 20:48:59,0,16,5,5,4,27,8,29,0,11
2025-11-21 22:09:19,0,16,0,5,2,27,8,29,0,11
2025-11-21 23:28:08,0,16,1,0,2,0,8,29,0,11
2025-11-22 00:23:16,0,16,0,0,2,0,8,29,0,11
2025-11-22 01:34:05,0,16,0,0,2,0,8,29,0,11
2025-11-22 08:19:02,0,10,3,0,0,0,0,0,0,0
2025-11-22 09:10:27,0,10,4,0,0,0,0,0,0,0
2025-11-22 10:11:23,0,10,5,0,0,1,0,0,0,0
2025-11-22 11:13:21,0,10,11,0,0,1,0,0,0,0
2025-11-22 12:10:02,0,10,14,0,0,1,0,2,0,0
2025-11-22 13:16:03,,10,14,,0,,,3,0,
2025-11-22 14:09:16,0,10,14,0,0,1,0,3,0,0
2025-11-22 15:13:23,0,10,12,0,0,0,0,4,0,0
2025-11-22 16:11:27,0,10,21,0,0,0,0,3,0,0
2025-11-22 17:11:48,,,,,,,,,,
2025-11-22 18:11:50,0,10,16,0,0,0,0,4,0,0
2025-11-22 21:07:14,0,10,12,0,0,0,0,4,0,0
2025-11-22 22:59:28,0,10,8,0,0,0,0,5,0,0
2025-11-22 23:40:23,0,10,3,0,0,0,0,5,0,0
2025-11-23 00:24:02,0,10,2,0,0,0,0,6,0,0
2025-11-23 01:35:30,0,10,1,0,0,0,0,6,0,0
2025-11-23 08:18:48,0,10,1,0,0,0,0,0,0,0
2025-11-23 09:10:56,0,10,3,0,0,0,0,0,0,0
2025-11-23 10:11:22,0,10,7,0,0,0,0,0,0,0
2025-11-23 11:13:42,0,10,23,0,0,0,0,0,0,0
2025-11-23 12:10:14,0,9,29,0,0,0,0,0,0,0
2025-11-23 13:16:36,0,9,34,0,0,0,0,0,0,0
2025-11-23 14:09:50,,,,0,,,,,,
2025-11-23 15:13:48,0,9,44,0,0,0,0,0,0,0
2025-11-23 16:11:25,0,9,57,0,0,0,0,4,0,0
2025-11-23 17:11:47,0,9,61,0,0,0,0,3,0,0
2025-11-23 18:12:09,0,9,50,0,0,0,0,3,0,0
2025-11-23 21:01:21,0,9,27,0,0,0,0,4,0,0
2025-11-23 22:40:20,0,9,18,0,0,0,0,4,0,0
2025-11-23 23:38:30,0,9,6,0,0,0,0,4,0,0
2025-11-24 00:27:27,0,9,2,0,0,0,0,4,0,0
2025-11-24 01:38:32,0,9,2,0,0,0,0,4,0,0
2025-11-24 08:28:49,15,16,59,2,11,16,1,3,2,1
2025-11-24 09:14:18,31,27,36,2,12,24,4,4,2,1
2025-11-24 10:14:29,50,41,96,5,11,33,6,7,2,1
2025-11-24 11:14:03,64,58,153,5,15,33,7,8,3,2
2025-11-24 12:12:28,64,58,182,5,18,30,5,7,4,4
2025-11-24 13:19:24,,,,,,,,,,
2025-11-24 14:08:54,76,87,66,6,20,42,8,5,5,7
2025-11-24 15:14:48,78,87,49,7,17,35,10,7,4,5
2025-11-24 16:12:33,71,95,43,7,14,29,6,9,4,5
2025-11-24 17:11:57,,77,17,,,,,,2,
2025-11-24 18:12:08,0,18,15,2,2,9,1,7,2,5
2025-11-24 20:55:50,0,15,1,2,2,8,1,7,2,5
2025-11-24 22:19:47,0,15,0,2,2,8,1,7,2,5
2025-11-24 23:33:54,0,15,1,0,2,0,1,7,2,5
2025-11-25 00:28:26,0,15,0,0,2,0,1,7,2,5
2025-11-25 01:38:37,0,15,0,0,2,0,1,7,2,5
2025-11-25 09:36:44,33,22,43,4,11,24,3,4,1,2
2025-11-25 10:53:57,50,45,81,6,10,30,2,11,3,2
2025-11-25 11:16:31,53,43,98,6,8,32,6,11,2,2
2025-11-25 12:14:09,70,55,77,7,12,20,6,5,2,2
2025-11-25 13:19:25,70,54,93,5,10,34,8,6,1,4
2025-11-25 14:10:55,69,68,35,6,11,40,7,8,2,3
2025-11-25 15:14:46,65,76,38,7,12,45,6,10,3,4
2025-11-25 16:12:26,63,79,22,7,11,33,6,7,3,4
2025-11-25 17:12:37,26,52,0,1,0,13,0,5,1,4
2025-11-25 18:12:19,,,,,,,,,,
2025-11-25 20:55:18,0,0,0,1,0,9,0,5,1,4
2025-11-25 22:19:41,0,0,0,1,0,9,0,5,1,4
2025-11-25 23:31:47,0,0,0,0,0,0,0,5,1,4
2025-11-26 00:26:27,0,0,0,0,0,0,0,5,1,4
2025-11-26 01:38:16,0,0,0,0,0,0,0,5,1,4
2025-11-26 08:30:30,0,10,0,0,0,0,0,0,0,0
2025-11-26 09:13:46,,10,0,,,,,0,0,
2025-11-26 10:12:36,0,10,1,0,0,0,0,0,0,0
2025-11-26 11:16:07,0,10,0,0,0,0,0,0,0,0
2025-11-26 12:12:28,0,10,0,0,0,0,0,0,0,0
2025-11-26 13:15:55,0,10,0,0,0,0,0,0,0,0
2025-11-26 14:10:35,0,10,0,0,0,0,0,0,0,0
2025-11-26 15:13:59,0,10,0,0,0,0,0,0,0,0
2025-11-26 16:11:24,0,10,0,0,0,0,0,0,0,0
2025-11-26 17:12:27,0,10,0,0,0,0,0,0,0,0
2025-11-26 18:11:47,0,10,0,0,0,0,0,0,0,0
2025-11-26 20:52:45,0,10,0,0,0,0,0,0,0,0
2025-11-26 22:15:59,0,10,0,0,0,0,0,0,0,0
2025-11-26 23:30:56,0,10,0,0,0,0,0,0,0,0
2025-11-27 00:26:33,0,10,0,0,0,0,0,0,0,0
2025-11-27 01:38:45,0,10,0,0,0,0,0,0,0,0
2025-11-27 08:27:08,0,10,0,0,0,0,0,0,0,0
2025-11-27 09:15:22,,,,,,,,,,
2025-11-27 10:13:13,0,10,0,0,0,0,0,0,0,0
2025-11-27 11:15:14,0,10,0,0,0,1,0,0,0,0
2025-11-27 12:11:13,0,10,0,0,0,1,0,0,0,0
2025-11-27 13:17:10,0,10,0,0,0,1,0,0,0,0
2025-11-27 14:10:18,0,10,0,0,0,1,0,0,0,0
2025-11-27 15:11:58,,10,,,,,,,,
2025-11-27 16:11:48,0,10,0,0,0,1,0,0,0,0
2025-11-27 17:12:30,0,10,0,0,0,0,0,0,0,0
2025-11-27 18:12:02,0,10,0,0,0,0,0,0,0,0
2025-11-27 20:53:03,0,10,0,0,0,0,0,0,0,0
2025-11-27 22:16:15,0,10,0,0,0,0,0,0,0,0
2025-11-27 23:30:28,,10,,,,,,,,
2025-11-28 00:26:42,0,10,0,0,0,0,0,0,0,0
2025-11-28 01:38:41,0,10,0,0,0,0,0,0,0,0
2025-11-28 08:25:43,0,10,0,0,0,0,0,0,0,0
2025-11-28 09:13:25,0,10,0,0,0,0,0,0,0,0
2025-11-28 10:13:34,0,10,0,0,0,0,0,0,0,0
2025-11-28 11:14:59,0,10,0,0,0,0,0,0,0,0
2025-11-28 12:11:42,0,10,1,0,0,0,0,0,0,0
2025-11-28 13:17:05,0,10,0,0,0,0,0,0,0,0
2025-11-28 14:10:08,0,10,0,0,0,0,0,0,0,0
2025-11-28 15:13:51,0,10,0,0,0,0,0,0,0,0
2025-11-28 16:11:17,0,10,0,0,0,0,0,0,0,0
2025-11-28 17:11:45,0,10,0,0,0,0,0,0,0,0
2025-11-28 18:12:29,0,10,0,0,0,0,0,0,0,0
2025-11-28 20:52:08,0,10,0,0,0,0,0,0,0,0
2025-11-28 22:16:51,0,10,0,0,0,0,0,0,0,0
2025-11-28 23:30:00,0,10,0,0,0,0,0,0,0,0
2025-11-29 00:24:51,0,10,0,0,0,0,0,0,0,0
2025-11-29 01:35:28,0,10,0,0,0,0,0,0,0,0
2025-11-29 08:21:22,0,10,0,0,0,0,0,0,0,0
2025-11-29 09:11:18,0,10,0,0,0,0,0,0,0,0
2025-11-29 10:12:23,0,10,0,0,0,0,0,0,0,0
2025-11-29 11:14:16,0,10,0,0,0,1,0,0,0,0
2025-11-29 12:10:42,0,10,0,0,0,1,0,0,0,0
2025-11-29 13:17:02,0,10,0,0,0,1,0,0,0,0
2025-11-29 14:09:58,,,,,,,,,,
2025-11-29 15:13:41,0,10,0,0,0,0,0,0,0,0
2025-11-29 16:11:05,1,10,0,0,0,0,0,0,0,0
2025-11-29 17:11:58,1,10,0,0,0,0,0,0,0,0
2025-11-29 18:11:38,1,10,0,0,0,0,0,0,0,0
2025-11-29 21:06:00,1,10,0,0,0,0,0,0,0,0
2025-11-29 23:00:38,,,,,,,,,,
2025-11-29 23:41:04,1,10,0,0,0,0,0,0,0,0
2025-11-30 00:25:39,1,10,0,0,0,0,0,0,0,0
2025-11-30 01:37:03,1,10,0,0,,0,,0,0,
2025-11-30 08:20:51,0,10,0,0,0,0,0,0,0,0
2025-11-30 09:11:19,0,10,0,0,0,0,0,0,0,0
2025-11-30 10:11:33,64,77,0,0,0,0,0,0,0,0
2025-11-30 11:14:36,309,235,0,0,0,0,0,0,0,0
2025-11-30 12:10:51,493,392,2,0,0,0,0,0,0,0
2025-11-30 13:16:29,672,606,16,0,0,0,0,0,0,0
2025-11-30 14:10:04,792,816,33,7,52,0,0,0,0,0
2025-11-30 15:13:42,826,953,51,15,191,0,0,0,0,0
2025-11-30 16:11:10,808,990,71,22,222,0,0,0,0,0
2025-11-30 17:11:46,742,940,53,13,201,0,0,0,0,0
2025-11-30 18:11:46,636,860,50,12,141,0,0,0,0,0
2025-11-30 21:13:41,474,739,20,1,62,0,0,0,0,2
2025-11-30 23:14:13,,,,,,,,,,
2025-12-01 00:33:33,140,200,0,0,0,0,0,0,0,2
2025-12-01 01:40:57,69,101,1,0,0,1,0,0,0,2
2025-12-01 08:31:35,100,140,37,4,25,25,3,2,2,1
2025-12-01 09:14:54,213,281,84,19,59,54,19,2,4,7
2025-12-01 10:14:09,517,769,179,55,187,76,29,3,3,8
2025-12-01 11:18:09,729,1094,251,53,278,116,39,14,4,16
2025-12-01 12:15:46,899,1305,324,59,272,127,45,16,7,22
2025-12-01 13:20:46,,,,,,,64,,,
2025-12-01 14:15:31,1064,1621,186,69,401,207,69,31,12,23
2025-12-01 15:13:02,1032,1609,203,78,366,222,69,29,14,25
2025-12-01 16:11:05,974,1458,201,64,325,208,62,25,12,22
2025-12-01 17:11:41,794,1418,147,54,183,250,56,8,9,23
2025-12-01 18:12:15,700,1292,120,40,178,190,35,6,2,18
2025-12-01 20:57:40,877,1345,62,27,213,107,6,6,0,10
2025-12-01 22:23:44,746,1148,39,5,0,107,6,6,0,10
2025-12-01 23:35:40,483,734,0,0,5,0,6,6,0,10
2025-12-02 00:25:46,261,474,1,0,0,0,6,6,0,10
2025-12-02 01:40:21,82,187,0,0,0,0,6,6,0,10
2025-12-02 08:32:14,113,133,61,6,47,33,7,2,3,2
2025-12-02 09:15:07,238,295,85,18,96,91,18,4,4,6
2025-12-02 10:15:12,533,649,212,35,180,137,35,14,4,21
2025-12-02 11:17:14,780,996,244,48,202,163,50,17,4,20
2025-12-02 12:17:22,895,1240,334,67,258,160,56,21,9,23
2025-12-02 13:19:45,,1585,273,,,,,15,14,
2025-12-02 14:14:03,,,,,,,,,,
2025-12-02 15:18:13,1054,1544,211,70,354,165,56,23,8,30
2025-12-02 16:12:34,899,1556,172,77,303,170,61,25,10,33
2025-12-02 17:12:44,751,1438,152,74,199,123,48,11,7,25
2025-12-02 18:12:04,726,1288,107,57,172,98,34,11,6,20
2025-12-02 20:56:41,816,1323,74,48,156,59,8,11,0,17
2025-12-02 22:22:50,661,1143,37,29,2,59,8,11,0,17
2025-12-02 23:34:22,490,906,14,0,6,0,8,11,0,17
2025-12-03 00:25:27,303,592,3,0,2,0,8,11,0,17
2025-12-03 01:39:46,125,304,0,0,2,0,8,11,0,17
2025-12-03 08:31:16,122,173,29,5,34,23,7,1,1,4
2025-12-03 10:15:02,547,876,204,38,172,85,35,27,2,14
2025-12-03 11:18:29,720,1144,267,44,193,113,41,46,4,25
2025-12-03 12:16:35,,1340,,,,,,,,
2025-12-03 13:19:26,902,1494,238,72,241,116,56,17,10,27
2025-12-03 14:13:01,872,1453,223,66,258,125,59,20,7,28
2025-12-03 15:15:03,828,1538,220,71,271,135,66,23,6,24
2025-12-03 16:12:55,787,1530,201,65,237,123,61,19,10,26
2025-12-03 17:13:39,705,1380,141,61,154,98,61,10,7,24
2025-12-03 18:10:58,614,1228,101,60,145,64,37,9,6,19
2025-12-03 20:57:48,489,920,52,41,96,34,16,9,3,14
2025-12-03 22:26:36,,,,,,,,,,
2025-12-03 23:35:23,298,618,0,0,12,0,16,9,3,14
2025-12-04 00:26:10,182,386,-1,0,8,0,16,9,3,14
2025-12-04 01:39:11,70,189,5,0,8,0,16,9,3,14
2025-12-04 08:31:23,85,85,55,5,34,26,7,3,1,2
2025-12-04 09:15:05,168,194,55,14,74,48,11,7,3,4
2025-12-04 10:15:37,349,387,115,21,170,73,28,8,3,9
2025-12-04 11:17:31,519,647,178,35,225,104,43,16,2,11
2025-12-04 12:16:47,621,856,213,36,206,172,42,11,5,9
2025-12-04 13:20:03,791,1039,243,49,291,132,56,15,7,10
2025-12-04 14:13:38,847,1202,212,53,326,116,57,21,11,15
2025-12-04 15:14:33,877,1342,171,60,300,125,52,28,12,21
2025-12-04 16:12:34,836,1364,169,54,264,125,63,27,10,14
2025-12-04 17:10:50,729,1234,108,54,163,73,41,14,5,11
2025-12-04 18:12:14,592,1062,75,45,115,60,34,15,5,9
2025-12-04 20:57:59,542,983,66,28,89,28,10,15,1,4
2025-12-04 22:25:18,515,862,43,21,13,28,10,15,1,4
2025-12-04 23:34:56,396,733,13,0,17,0,10,15,1,4
2025-12-05 00:26:04,274,519,12,0,13,0,10,15,1,4
2025-12-05 01:39:19,143,282,8,0,13,0,10,15,1,4
2025-12-05 08:27:29,75,70,58,5,39,21,5,1,1,2
2025-12-05 09:13:29,161,164,66,14,73,45,13,8,1,3
2025-12-05 10:14:35,339,428,141,28,195,75,25,10,3,7
2025-12-05 11:17:27,508,727,197,43,265,96,43,11,2,9
2025-12-05 12:13:35,627,972,209,42,265,123,59,18,4,19
2025-12-05 13:19:39,880,1305,223,69,379,141,59,24,7,21
2025-12-05 14:10:33,987,1517,206,74,376,146,55,18,10,21
2025-12-05 15:14:34,956,1596,206,61,355,142,48,27,12,25
2025-12-05 16:12:13,,,,,,,,,,
2025-12-05 18:12:36,705,1250,106,19,8,62,9,11,5,5
2025-12-05 20:51:12,717,1321,39,19,13,61,9,11,5,5
2025-12-05 22:14:17,616,1068,19,19,12,61,9,11,5,5
2025-12-05 23:28:40,431,767,24,0,8,0,9,11,5,5
2025-12-06 00:24:50,258,531,14,0,8,0,9,11,5,5
2025-12-06 01:35:14,120,292,9,0,8,0,9,11,5,5
2025-12-06 08:21:28,33,114,6,0,0,0,0,0,0,0
2025-12-06 09:10:57,97,254,23,0,0,0,0,0,0,0
2025-12-06 10:11:21,218,397,39,0,0,0,0,0,0,0
2025-12-06 11:14:04,438,,61,0,0,0,0,0,0,0
2025-12-06 12:10:26,593,928,90,0,0,0,0,0,0,0
2025-12-06 14:09:44,855,1257,136,0,0,0,0,0,0,0
2025-12-06 15:13:19,848,1135,108,0,0,0,0,0,0,0
2025-12-06 16:11:09,818,1165,116,0,0,0,0,0,0,0
2025-12-06 17:11:30,729,1050,69,0,0,0,0,0,0,0
2025-12-06 18:11:46,557,825,59,0,0,0,0,0,0,0
2025-12-06 21:06:37,325,493,31,0,0,0,0,0,0,0
2025-12-06 22:59:34,220,380,19,0,0,2,0,0,0,0
2025-12-06 23:39:18,170,337,11,0,0,0,0,0,0,0
2025-12-07 00:23:48,123,270,4,0,0,1,0,0,0,0
2025-12-07 01:35:07,62,151,4,0,0,2,0,0,0,0
2025-12-07 08:19:52,12,25,1,0,0,2,0,0,0,0
2025-12-07 09:11:16,36,62,8,0,0,2,0,0,0,0
2025-12-07 10:10:51,149,182,16,0,0,2,0,0,0,0
2025-12-07 11:13:57,341,432,24,0,0,2,0,0,0,0
2025-12-07 12:10:21,551,687,46,0,0,2,0,0,0,0
2025-12-07 13:16:20,757,973,90,0,0,2,0,0,0,0
2025-12-07 14:09:39,891,1201,116,13,59,2,0,0,0,0
2025-12-07 15:13:00,918,1396,135,32,162,2,0,0,0,0
2025-12-07 16:10:57,911,1402,128,37,196,2,0,0,0,0
2025-12-07 17:11:51,788,1261,108,45,179,2,0,0,0,0
2025-12-07 18:11:19,,1094,98,,,,,0,0,
2025-12-07 20:59:25,485,851,42,26,64,2,0,0,0,1
2025-12-07 22:38:02,401,680,21,12,0,2,0,0,0,1
2025-12-07 23:38:29,293,538,3,0,0,0,0,0,0,1
2025-12-08 00:28:48,213,363,3,0,0,0,0,0,0,1
2025-12-08 01:42:14,81,232,0,0,0,0,0,0,0,1
2025-12-08 08:30:21,49,90,74,4,25,28,8,1,1,2
2025-12-08 09:14:03,126,244,99,8,67,49,,5,1,4
2025-12-08 10:15:13,316,543,161,12,136,77,28,9,2,6
2025-12-08 11:16:41,469,810,247,22,172,94,42,16,3,7
2025-12-08 12:14:34,583,870,258,31,224,86,29,20,6,12
2025-12-08 13:19:58,752,1135,208,41,297,109,40,21,7,11
2025-12-08 14:11:04,822,1342,155,44,307,121,44,28,6,21
2025-12-08 15:15:29,860,1390,173,51,277,130,45,34,4,20
2025-12-08 16:12:10,781,1437,153,51,236,127,43,32,3,20
2025-12-08 17:12:50,691,1189,133,36,125,72,20,13,2,14
2025-12-08 18:12:48,597,1046,103,42,135,62,19,12,2,9
2025-12-08 20:57:48,520,915,70,29,109,39,1,12,0,6
2025-12-08 22:25:28,329,693,20,12,5,39,1,12,0,6
2025-12-08 23:34:28,223,464,0,0,12,0,1,12,0,6
2025-12-09 00:26:34,143,330,0,0,9,0,1,12,0,6
2025-12-09 01:40:08,41,184,0,0,9,0,1,12,0,6
2025-12-09 08:31:19,59,101,60,4,23,23,8,1,2,0
2025-12-09 09:14:55,128,203,64,7,50,37,9,6,2,1
2025-12-09 10:15:52,268,347,128,17,95,58,18,5,2,3
2025-12-09 11:17:16,398,599,185,30,138,69,26,6,2,3
2025-12-09 12:14:18,474,661,192,32,144,66,31,9,4,5
2025-12-09 13:16:50,599,895,237,42,183,88,39,12,4,11
2025-12-09 14:10:35,673,1088,158,48,209,92,34,15,3,9
2025-12-09 15:13:16,687,1049,160,49,210,93,37,15,4,13
2025-12-09 16:11:13,652,1072,108,41,180,82,33,11,2,14
2025-12-09 17:13:35,489,915,105,32,109,64,30,7,2,9
2025-12-09 18:12:27,435,791,88,32,103,53,27,6,1,6
2025-12-09 20:59:39,332,624,75,24,46,27,9,6,0,2
2025-12-09 22:38:44,230,463,34,17,0,27,9,6,0,2
2025-12-09 23:38:14,153,330,7,0,4,0,9,6,0,2
2025-12-10 00:27:28,101,245,0,0,0,0,9,6,0,2
2025-12-10 01:40:25,44,130,1,0,0,0,9,6,0,2
2025-12-10 08:32:25,49,123,46,8,18,31,11,4,1,2
2025-12-10 09:15:52,112,235,82,14,30,40,12,4,3,4
2025-12-10 10:16:09,174,277,147,14,65,52,13,6,4,8
2025-12-10 11:18:33,280,435,182,20,78,62,18,12,8,11
2025-12-10 12:16:26,331,490,189,20,88,,,13,7,
2025-12-10 13:19:56,385,670,187,18,117,125,20,13,7,9
2025-12-10 14:12:46,427,755,190,11,131,151,25,16,8,11
2025-12-10 15:15:26,419,634,157,13,141,97,32,21,8,12
2025-12-10 16:14:51,426,653,103,10,127,66,28,22,11,7
2025-12-10 17:13:57,381,600,97,7,94,28,19,17,9,6
2025-12-10 18:11:35,349,465,78,8,89,17,11,18,10,5
2025-12-10 21:01:28,261,342,54,1,52,4,1,18,6,5
2025-12-10 22:41:40,201,215,13,2,0,4,1,18,6,5
2025-12-10 23:39:58,135,129,0,0,8,0,1,18,6,5
2025-12-11 00:28:48,96,76,3,0,8,0,1,18,6,5
2025-12-11 01:41:26,41,9,1,0,3,0,1,18,6,5
2025-12-11 08:33:41,54,63,92,3,14,21,4,0,3,0
2025-12-11 09:17:16,91,134,84,5,23,32,7,5,3,0
2025-12-11 10:17:41,137,219,109,8,43,38,10,7,5,1
2025-12-11 11:18:32,205,330,158,12,47,35,8,4,3,3
2025-12-11 12:20:22,,,184,,,,,,,
2025-12-11 13:17:36,245,262,162,10,55,52,16,14,2,7
2025-12-11 14:14:43,259,373,67,13,56,50,13,17,1,5
2025-12-11 15:16:16,229,331,75,14,44,46,18,21,2,1
2025-12-11 16:15:26,215,345,72,11,47,33,10,23,4,3
2025-12-11 17:13:36,216,325,52,9,41,9,4,11,1,1
2025-12-11 18:13:02,192,272,51,4,41,4,5,2,1,1
2025-12-11 21:00:21,141,198,21,4,31,2,3,0,0,1
2025-12-11 22:40:09,88,133,0,0,1,1,3,0,0,1
2025-12-11 23:38:41,74,107,0,0,5,0,3,0,0,1
2025-12-12 00:28:34,63,67,0,0,1,0,3,0,0,1
2025-12-12 01:40:46,12,0,0,0,1,0,3,0,0,1
2025-12-12 08:29:50,,,,,,,,,,
2025-12-12 09:13:59,29,110,35,12,7,22,6,2,1,2
2025-12-12 10:14:53,50,99,39,15,14,27,,0,2,2
2025-12-12 11:14:58,74,134,134,12,19,36,9,1,2,2
2025-12-12 12:13:20,60,93,124,7,13,16,6,0,2,4
2025-12-12 13:19:14,60,59,69,1,18,22,6,0,2,7
2025-12-12 14:12:04,58,78,21,4,14,22,4,0,2,6
2025-12-12 15:14:23,50,65,26,5,16,16,3,1,2,6
2025-12-12 16:11:54,45,52,14,5,10,11,3,2,1,6
2025-12-12 17:13:22,,,,,,,,,0,
2025-12-12 18:13:26,0,4,1,0,1,0,1,0,0,5
2025-12-12 20:54:17,0,4,0,0,1,0,1,0,0,5
2025-12-12 22:20:37,0,4,3,0,3,0,1,0,0,5
2025-12-12 23:30:59,0,4,1,0,4,0,1,0,0,5
2025-12-13 00:27:13,0,4,0,0,1,0,1,0,0,5
2025-12-13 01:36:46,0,4,0,0,1,0,1,0,0,5
2025-12-13 08:22:23,0,10,1,0,0,0,0,0,0,0
2025-12-13 09:11:35,0,10,4,0,0,0,0,0,0,0
2025-12-13 10:12:17,0,10,8,0,0,0,0,0,0,0
2025-12-13 11:15:21,0,10,10,0,0,0,0,0,0,0
2025-12-13 12:10:43,0,10,14,0,0,0,0,0,0,0
2025-12-13 13:16:26,0,10,19,0,0,1,0,0,0,0
2025-12-13 14:09:53,0,10,17,0,0,0,0,0,0,0
2025-12-13 15:13:23,0,10,16,0,0,0,0,0,0,0
2025-12-13 16:11:08,0,10,16,0,0,0,0,0,0,0
2025-12-13 17:11:33,0,10,15,0,0,0,0,0,0,0
2025-12-13 18:11:53,0,10,15,0,0,0,0,0,0,0
2025-12-13 21:07:48,,,,,,,,,,
2025-12-13 23:03:00,0,10,3,0,0,0,0,0,0,0
2025-12-14 00:26:03,,10,2,,,,0,0,0,
2025-12-14 01:37:02,0,10,0,0,0,0,0,0,0,0
2025-12-14 08:23:03,0,10,4,0,0,0,0,0,0,0
2025-12-14 09:11:54,0,10,5,0,0,1,0,0,0,0
2025-12-14 10:12:00,0,10,11,0,0,0,0,0,0,0
2025-12-14 11:14:28,0,10,16,0,0,0,0,0,0,0
2025-12-14 12:10:37,0,10,18,0,0,0,0,0,0,0
2025-12-14 13:17:25,0,10,24,0,0,0,0,0,0,0
2025-12-14 14:10:02,0,10,30,0,0,0,0,0,0,0
2025-12-14 15:13:38,0,10,31,0,0,0,0,0,0,0
2025-12-14 16:12:11,0,10,21,0,0,0,0,0,0,0
2025-12-14 17:11:21,0,10,19,0,0,0,0,0,0,0
2025-12-14 18:11:40,0,10,14,0,0,0,0,0,0,0
2025-12-14 21:04:46,0,10,6,0,0,0,0,0,0,0
2025-12-14 23:07:28,,10,,,,,,,,
2025-12-15 00:31:06,0,10,0,0,0,0,0,0,0,0
2025-12-15 01:42:42,0,10,0,0,0,0,0,0,0,0
2025-12-15 08:35:54,20,14,38,1,6,22,5,1,3,2
2025-12-15 10:18:17,42,31,44,2,8,35,9,0,1,5
2025-12-15 11:19:10,52,37,91,1,12,38,10,1,1,4
2025-12-15 12:19:10,59,46,122,4,13,32,7,0,1,5
2025-12-15 13:20:09,62,56,58,2,7,44,10,1,1,4
2025-12-15 14:14:41,66,47,58,5,9,43,6,0,2,3
2025-12-15 15:15:12,63,53,60,1,6,36,6,0,2,5
2025-12-15 16:13:00,60,52,52,1,5,31,5,0,2,6
2025-12-15 17:13:38,46,43,47,0,0,9,0,0,1,3
2025-12-15 18:13:31,15,25,22,0,0,3,0,0,1,3
2025-12-15 21:01:23,17,25,8,0,0,1,0,0,1,3
2025-12-15 22:41:17,17,25,6,0,0,1,0,0,1,3
2025-12-15 23:40:02,17,25,0,0,0,0,0,0,1,3
2025-12-16 00:29:01,17,25,1,0,0,0,0,0,1,3
2025-12-16 01:41:26,17,25,0,0,0,0,0,0,1,3
2025-12-16 08:33:39,16,16,29,4,4,22,4,0,1,3
2025-12-16 09:16:57,18,7,21,2,10,33,5,3,1,3
2025-12-16 10:16:17,29,27,64,4,10,35,3,5,0,3
2025-12-16 11:17:56,30,43,103,4,11,36,3,1,0,3
2025-12-16 12:17:48,30,47,129,11,7,32,2,3,4,6
2025-12-16 13:19:43,39,47,72,10,6,38,5,5,4,5
2025-12-16 14:14:29,43,56,56,6,10,40,5,2,4,6
2025-12-16 15:14:54,48,66,62,7,10,35,6,2,4,5
2025-12-16 16:13:28,43,53,50,7,7,23,5,3,4,4
2025-12-16 17:13:42,38,37,39,6,0,1,1,2,0,4
2025-12-16 18:12:24,3,18,23,5,0,0,1,1,0,4
2025-12-16 20:56:43,3,18,23,5,0,0,1,1,0,4
2025-12-16 22:25:02,3,18,9,5,0,0,1,1,0,4
2025-12-16 23:38:20,3,18,0,0,0,0,1,0,0,4
2025-12-17 00:28:45,3,18,1,0,0,0,1,0,0,4
2025-12-17 01:40:36,3,18,0,0,0,0,1,0,0,4
2025-12-17 08:29:30,10,15,40,2,7,19,1,0,2,0
2025-12-17 09:15:02,19,19,21,2,9,31,2,5,1,0
2025-12-17 10:15:31,23,27,67,3,16,37,4,7,2,2
2025-12-17 11:17:07,25,40,82,3,14,33,3,7,2,2
2025-12-17 12:17:28,22,43,72,3,16,27,2,10,2,2
2025-12-17 13:20:22,,,,,,,,,,
2025-12-17 14:15:00,29,47,51,2,16,26,1,9,5,3
2025-12-17 15:15:26,34,45,45,4,16,26,5,11,5,2
2025-12-17 16:13:05,27,41,33,2,17,23,4,10,5,2
2025-12-17 17:13:14,11,29,36,0,1,0,0,9,3,2
2025-12-17 18:13:17,0,11,24,0,1,0,0,9,3,2
2025-12-17 20:57:25,0,10,12,0,1,0,0,9,3,2
2025-12-17 22:26:50,0,10,0,0,3,0,0,9,3,2
2025-12-17 23:38:39,0,10,0,0,1,0,0,9,3,2
2025-12-18 00:28:50,,,,,,,,,,
2025-12-18 01:40:07,0,10,0,0,1,0,0,9,3,2
2025-12-18 08:31:43,9,17,29,5,8,25,2,1,1,1
2025-12-18 09:15:51,17,20,22,4,5,38,2,4,3,1
2025-12-18 10:15:04,23,26,,7,7,42,6,4,2,2
2025-12-18 11:17:54,31,34,73,5,13,48,5,9,2,2
2025-12-18 12:17:47,29,43,75,10,14,40,5,9,1,2
2025-12-18 13:19:34,24,51,66,9,16,38,8,7,0,3
2025-12-18 14:13:20,25,72,54,7,20,38,6,10,1,2
2025-12-18 15:14:06,,,,,,,,,1,
2025-12-18 16:12:38,23,39,53,8,19,30,6,8,0,1
2025-12-18 17:13:12,0,32,31,6,1,11,2,6,0,2
2025-12-18 18:13:26,0,15,16,6,1,3,2,6,0,1
2025-12-18 21:00:17,0,14,7,6,1,3,2,6,0,1
2025-12-18 22:40:21,0,14,1,6,1,3,2,6,0,1
2025-12-18 23:38:13,0,14,2,0,1,0,2,6,0,1
2025-12-19 00:28:07,0,14,4,0,1,0,2,6,0,1
2025-12-19 01:39:12,0,14,2,0,1,0,2,6,0,1
2025-12-19 08:28:38,,,,,,,,,,
2025-12-19 09:14:10,22,16,21,3,6,31,5,4,1,2
2025-12-19 10:14:18,22,27,38,5,6,34,3,5,1,2
2025-12-19 11:15:53,24,65,61,5,6,38,5,4,2,3
2025-12-19 12:13:14,,,,,,,,,,
2025-12-19 13:18:35,,,,,,,,,,
2025-12-19 14:11:25,30,53,34,6,6,36,4,4,1,3
2025-12-19 15:14:29,26,53,33,6,6,30,4,2,0,3
2025-12-19 16:12:07,21,48,23,4,7,22,1,4,0,3
2025-12-19 17:13:27,7,44,18,2,2,9,1,3,0,2
2025-12-19 18:13:09,0,26,7,1,2,3,1,3,0,2
2025-12-19 20:54:17,0,24,4,1,2,2,1,3,0,2
2025-12-19 22:20:27,0,24,3,1,2,2,1,3,0,2
2025-12-19 23:31:23,0,24,3,0,2,0,1,3,0,2
2025-12-20 00:25:47,0,24,3,0,2,0,1,3,0,2
2025-12-20 01:37:48,0,24,3,0,2,0,1,3,0,2
2025-12-20 08:23:11,0,10,1,0,0,0,0,0,0,0
2025-12-20 09:11:34,0,10,3,0,0,0,0,0,0,0
2025-12-20 10:11:43,0,10,4,0,0,0,0,0,0,0
2025-12-20 11:15:07,0,10,2,0,0,0,0,0,0,0
2025-12-20 12:10:36,0,10,2,0,0,0,0,0,0,0
2025-12-20 13:16:28,0,10,3,0,0,0,0,0,0,0
2025-12-20 14:09:49,0,10,2,0,0,0,0,0,0,0
2025-12-20 15:13:05,0,10,1,0,0,0,0,0,0,0
2025-12-20 16:11:34,0,10,1,0,0,0,0,0,0,0
2025-12-20 17:11:17,0,10,1,0,0,0,0,0,0,0
2025-12-20 18:12:28,0,10,2,0,0,0,0,0,0,0
2025-12-20 21:07:11,0,10,0,0,0,0,0,0,0,0
2025-12-20 23:02:50,0,10,0,0,0,0,0,0,0,0
2025-12-21 00:26:37,0,10,0,0,0,0,0,0,0,0
2025-12-21 01:37:49,0,10,0,0,0,0,0,0,0,0
2025-12-21 08:22:54,0,10,0,0,0,0,0,0,0,0
2025-12-21 09:11:55,0,10,0,0,0,2,0,0,0,0
2025-12-21 10:11:43,0,10,0,0,0,2,0,0,0,0
2025-12-21 11:14:21,0,10,0,0,0,2,0,0,0,0
2025-12-21 12:11:16,0,10,0,0,0,2,0,0,0,0
2025-12-21 13:17:17,0,10,0,0,0,1,0,0,0,0
2025-12-21 14:10:03,0,10,0,0,0,1,0,0,0,0
2025-12-21 15:13:31,0,10,1,0,0,1,0,0,0,0
2025-12-21 16:11:50,0,10,1,0,0,1,0,0,0,0
2025-12-21 17:12:57,0,10,1,0,0,1,0,0,0,0
2025-12-21 18:12:10,0,10,2,0,0,1,0,0,0,0
2025-12-21 21:06:18,0,10,1,0,0,1,0,0,0,0
2025-12-21 23:07:45,0,10,1,0,0,0,0,0,0,0
2025-12-22 00:29:41,0,10,1,0,0,0,0,0,0,0
2025-12-22 08:29:37,7,13,7,2,6,7,0,0,0,1
2025-12-22 09:14:10,17,14,9,3,9,8,1,0,0,1
2025-12-22 10:14:11,16,23,11,4,8,13,1,2,0,1
2025-12-22 11:16:30,20,28,8,4,7,15,0,2,0,1
2025-12-22 12:12:52,18,27,8,5,11,11,1,1,0,1
2025-12-22 13:21:28,13,28,15,4,9,19,0,3,0,1
2025-12-22 14:12:09,14,31,13,6,8,16,0,3,0,1
2025-12-22 15:14:39,5,32,13,6,7,12,0,3,0,1
2025-12-22 16:11:40,0,34,11,5,7,9,0,3,0,1
2025-12-22 17:14:00,2,28,7,1,1,4,0,3,0,1
2025-12-22 18:13:14,0,14,0,1,1,4,0,3,0,1
2025-12-22 21:01:32,0,14,0,,,3,,,0,
2025-12-22 22:44:05,0,14,0,1,1,3,0,3,0,1
2025-12-22 23:41:44,0,14,0,0,1,0,0,3,0,1
2025-12-23 00:29:37,0,14,0,0,1,0,0,3,0,1
2025-12-23 01:41:59,0,14,0,0,1,0,0,3,0,1
2025-12-23 08:31:13,10,18,8,1,4,7,0,0,0,1
2025-12-23 09:14:43,10,19,9,1,5,9,0,0,0,1
2025-12-23 10:14:19,16,21,11,1,6,12,0,0,0,1
2025-12-23 11:16:25,23,22,10,0,7,13,0,0,0,1
2025-12-23 12:14:21,24,29,11,0,9,12,0,0,0,1
2025-12-23 13:19:31,24,41,8,3,13,16,0,0,0,1
